container,tower
PCIU9529335,109
BEAU6476692,109
UETU5711940,109
HPCU4723493,109
BSIU8133049,109
GAOU7505947,109
EGSU1385881,109
PCIU8939926,109
PIDU4556182,109
FFAU6035964,109
PIDU4258948,109
GAOU7109503,109
PCIU8776670,109
PIDU4121169,109
HPCU4503776,109
PIDU4140071,109
CAAU8403819,109
PIDU4295181,109
PIDU2034403,109
PCIU9483614,109
PIDU4385520,109
PIDU4040386,109
PIDU4403347,109
PCIU9317233,109
PIDU4662878,109
FFAU7671702,109
FFAU4953256,109
TRHU8231290,109
HLBU3548944,109
MSBU4510880,202
TGHU1532181,202
CAIU2961462,202
TXGU7429335,202
MSCU1708541,202
TGCU0146437,202
MSMU2753890,202
MSNU2789346,202
MSDU4111229,202
MSBU4047230,202
MSNU6606417,203
MSDU4523340,203
MSDU4329381,203
MSDU4271973,203
TEMU8561019,203
MSMU8921883,203
MSNU8055885,203
MEDU4044904,203
MSBU4005282,203
MEDU7341254,203
MSDU8621679,203
MSMU6490663,203
FCIU5869173,203
TTNU5645079,203
MSMU6866806,203
MSNU9807457,203
BEAU4281264,203
MSDU4674599,203
MSMU8954465,203
CAIU4867558,203
MSDU6146190,203
DFSU3182263,203
MSNU5734516,203
MEDU8710969,203
MSBU4171160,203
TGBU7741633,203
MSMU8978235,203
MEDU4473447,203
MSDU7528330,203
MEDU4729170,203
CAAU5791460,203
CAIU3632944,205
MRSU0280588,205
TEMU2379990,205
